{"cameraMode":{"drawMode":0,"name":"Shaded","section":"Shading Mode"},"sceneLighting":false,"audioPlay":false,"sceneViewState":{"showFog":true,"showMaterialUpdate":false,"showSkybox":false,"showFlares":true,"showImageEffects":true,"showParticleSystems":true,"showVisualEffectGraphs":true,"m_FxEnabled":true},"in2DMode":false,"pivot":{"x":-0.4235613942146301,"y":0.1810046285390854,"z":-0.13849645853042603},"rotation":{"x":0.30178746581077578,"y":-0.1177276000380516,"z":0.037609077990055087,"w":0.9453533291816711},"size":0.547490119934082,"orthographic":false}